-- Adminer 4.8.1 PostgreSQL 16.7 (Debian 16.7-1.pgdg120+1) dump

INSERT INTO "clubs" ("id", "name", "description", "created_at", "url", "updated_at", "is_private") VALUES
('46BG2RAXPF',	'Yandex OLD',	'Private Yandex club',	'2025-07-18 20:20:23.013444',	'yandex',	'2025-07-18 20:20:23.013444',	't'),
('SVO4ZGOIDA',	'Global OLD',	'GoPadel League global club',	'2025-07-18 20:20:23.013444',	'global',	'2025-07-18 20:20:23.013444',	't');

INSERT INTO "courts" ("id", "name", "address", "created_at", "updated_at") VALUES
('4ea67445-b73a-4b5b-b200-cc7f98b7f102',	'Временный клуб',	'Адрес будет обновлен',	'2025-07-09 18:27:51.319236',	'2025-07-09 18:27:51.320409'),
('f4b32b52-3c37-4d14-b3d9-0b8b8efb27a6',	'strinasdasdg',	'striasdsadng',	'2025-07-09 18:27:51.319236',	'2025-07-09 18:27:51.320409');

INSERT INTO "event" ("id", "name", "description", "start_time", "end_time", "rank_min", "rank_max", "price", "max_users", "status", "type", "court_id", "organizer_id", "club_id", "created_at", "updated_at", "data") VALUES
('7bf2ec94-54f5-4ec5-9713-8e68520e99ff',	'Мастерс "Зимний вызов"',	'Турнир для опытных игроков. Высокий уровень игры гарантирован.',	'2025-07-02 15:58:27.74418',	'2025-07-02 19:58:27.74418',	3,	5,	3000,	12,	'registration',	'tournament',	'4ea67445-b73a-4b5b-b200-cc7f98b7f102',	'f22f076c-135c-407b-a7d1-3d9f0aefc5fd',	'SVO4ZGOIDA',	'2025-07-09 18:27:51.32183',	'2025-07-18 20:21:47.656478',	NULL),
('4db6323f-9042-4295-8e72-0d8158ad2093',	'Открытый турнир "Январский старт"',	'Открытый турнир для всех желающих. Отличная возможность начать год с побед!',	'2025-07-04 15:58:27.74418',	'2025-07-04 17:58:27.74418',	0,	7,	1500,	20,	'registration',	'tournament',	'4ea67445-b73a-4b5b-b200-cc7f98b7f102',	'f22f076c-135c-407b-a7d1-3d9f0aefc5fd',	'SVO4ZGOIDA',	'2025-07-09 18:27:51.32183',	'2025-07-18 20:21:47.656478',	NULL),
('d618d6dc-07dd-43cb-a536-60277c8dd1c6',	'Турнир "Финал месяца"',	'Грандиозный финал месяца! Все уровни, большие призы, незабываемые эмоции!',	'2025-07-19 15:58:27.744',	'2025-07-19 19:58:27.744',	0,	7,	3500,	20,	'completed',	'tournament',	'4ea67445-b73a-4b5b-b200-cc7f98b7f102',	'fbacb352-b903-4ab1-be91-e2eff35f9580',	'SVO4ZGOIDA',	'2025-07-09 18:27:51.32183',	'2025-07-18 20:21:47.656478',	NULL),
('838231d1-6bb1-42d9-968c-01d2146d34cc',	'Профессиональный турнир "Элита"',	'Турнир для профессиональных игроков. Только высший уровень!',	'2025-07-09 15:58:27.74418',	'2025-07-09 20:58:27.74418',	4,	7,	5000,	8,	'registration',	'tournament',	'4ea67445-b73a-4b5b-b200-cc7f98b7f102',	'f22f076c-135c-407b-a7d1-3d9f0aefc5fd',	'SVO4ZGOIDA',	'2025-07-09 18:27:51.32183',	'2025-07-18 20:21:47.656478',	NULL),
('da663cf7-6846-4bd1-8bd5-ffdc14a55f0b',	'Женский турнир "Леди Падель"',	'Специальный турнир для женщин. Поддержка и вдохновение!',	'2025-07-15 15:58:27.74418',	'2025-07-15 18:58:27.74418',	1,	6,	2200,	12,	'registration',	'tournament',	'4ea67445-b73a-4b5b-b200-cc7f98b7f102',	'f22f076c-135c-407b-a7d1-3d9f0aefc5fd',	'SVO4ZGOIDA',	'2025-07-09 18:27:51.32183',	'2025-07-18 20:21:47.656478',	NULL),
('99260b8a-1362-4e83-ae45-4db70d2418b6',	'Любительский турнир "Выходной"',	'Расслабленный турнир для любителей. Отличное настроение гарантировано!',	'2025-07-11 15:58:27.74418',	'2025-07-11 17:58:27.74418',	0,	3,	1000,	24,	'registration',	'tournament',	'4ea67445-b73a-4b5b-b200-cc7f98b7f102',	'f22f076c-135c-407b-a7d1-3d9f0aefc5fd',	'SVO4ZGOIDA',	'2025-07-09 18:27:51.32183',	'2025-07-18 20:21:47.656478',	NULL),
('41edb3ad-33ba-4f13-9e86-14344aeee0be',	'Турнир "Ночной"',	'Вечерний турнир для тех, кто любит играть под звездами. Особая атмосфера!',	'2025-07-17 15:58:27.74418',	'2025-07-17 19:58:27.74418',	2,	5,	2800,	16,	'registration',	'tournament',	'4ea67445-b73a-4b5b-b200-cc7f98b7f102',	'f22f076c-135c-407b-a7d1-3d9f0aefc5fd',	'SVO4ZGOIDA',	'2025-07-09 18:27:51.32183',	'2025-07-18 20:21:47.656478',	NULL),
('21ec8969-7330-487f-9e02-4ff628628ff6',	'Турнир "Новогодний кубок"',	'Новогодний турнир для игроков всех уровней. Призы для победителей!',	'2025-06-30 15:58:27.74418',	'2025-06-30 18:58:27.74418',	1,	4,	2000,	16,	'registration',	'tournament',	'4ea67445-b73a-4b5b-b200-cc7f98b7f102',	'f22f076c-135c-407b-a7d1-3d9f0aefc5fd',	'SVO4ZGOIDA',	'2025-07-09 18:27:51.32183',	'2025-07-18 20:21:47.656478',	NULL),
('2b247f5b-6232-47f1-b269-21c17ed8cc0a',	'string',	'yandex',	'2025-07-04 15:58:27.74418',	'2025-07-04 17:58:27.74418',	2,	2,	0,	5,	'registration',	'tournament',	'4ea67445-b73a-4b5b-b200-cc7f98b7f102',	'fbacb352-b903-4ab1-be91-e2eff35f9580',	'46BG2RAXPF',	'2025-07-09 18:27:51.32183',	'2025-07-18 20:21:47.661493',	NULL),
('cf2c02be-1af1-4bb1-b60e-5606fe913279',	'Турнир "Корпоративный"',	'Корпоративный турнир для сотрудников компаний. Командный дух и здоровая конкуренция!',	'2025-07-13 15:58:27.74418',	'2025-07-13 18:58:27.74418',	1,	5,	1800,	16,	'registration',	'tournament',	'4ea67445-b73a-4b5b-b200-cc7f98b7f102',	'f22f076c-135c-407b-a7d1-3d9f0aefc5fd',	'SVO4ZGOIDA',	'2025-07-09 18:27:51.32183',	'2025-07-18 20:21:47.656478',	NULL),
('c34b6986-51b1-40b8-ba05-29198df7f2f6',	'Турнир "Средний уровень"',	'Турнир для игроков среднего уровня. Равные возможности для всех участников.',	'2025-07-06 15:58:27.74418',	'2025-07-06 18:58:27.74418',	2,	4,	2500,	16,	'registration',	'tournament',	'4ea67445-b73a-4b5b-b200-cc7f98b7f102',	'f22f076c-135c-407b-a7d1-3d9f0aefc5fd',	'SVO4ZGOIDA',	'2025-07-09 18:27:51.32183',	'2025-07-18 20:21:47.656478',	NULL),
('59882eff-e55c-4c29-a3b0-8d22d99dc593',	'Турнир "Летний кубок 2024"',	'Летний турнир для игроков среднего уровня. Призы для победителей, отличная атмосфера!',	'2024-07-15 10:00:00',	'2024-07-15 18:00:00',	1,	4,	3000,	16,	'registration',	'tournament',	'4ea67445-b73a-4b5b-b200-cc7f98b7f102',	'f22f076c-135c-407b-a7d1-3d9f0aefc5fd',	'SVO4ZGOIDA',	'2025-07-09 18:27:51.32183',	'2025-07-18 20:21:47.656478',	NULL);

INSERT INTO "users" ("id", "telegram_id", "telegram_username", "first_name", "last_name", "avatar", "rank", "city", "birth_date", "loyalty_id", "is_registered", "bio", "playing_position", "padel_profiles", "created_at", "updated_at") VALUES
('fbacb352-b903-4ab1-be91-e2eff35f9580',	432066121,	'keine_salz',	'Sleep',	'Sugar',	'sadads',	4,	'asdasd',	'2004-01-12',	5,	't',	'asdasd',	'left',	'google.com',	'2025-07-09 18:27:51.316299',	'2025-07-09 18:27:51.317949'),
('f7ae0836-03a8-42ea-be2f-b9010b8ee012',	7167114456,	'schlafzucker',	'',	'',	NULL,	0,	'',	NULL,	1,	't',	'',	NULL,	NULL,	'2025-07-09 18:27:51.316299',	'2025-07-18 17:48:08.233056'),
('7a2c971d-a3a8-41fe-80bf-4b5101e44b33',	417056799,	'marieaverbakh',	'Maria',	'Averbakh',	'https://storage.yandexcloud.net/gopadel/gopadel-prod/profile/7a2c971d-a3a8-41fe-80bf-4b5101e44b33.jpg',	1,	NULL,	NULL,	1,	't',	'',	NULL,	NULL,	'2025-07-09 18:27:51.316299',	'2025-07-09 18:27:51.317949'),
('e5d109f6-4a4f-4f4c-9b05-ff3ad6a44397',	1658543990,	'Nikolay_Kosachev',	'',	'',	NULL,	0,	'',	NULL,	1,	'f',	'',	NULL,	NULL,	'2025-07-09 18:27:51.316299',	'2025-07-09 18:27:51.317949'),
('14866866-3b53-48a5-898b-b1e39bc29bae',	373508997,	NULL,	'Няшин',	'Антон',	'https://storage.yandexcloud.net/gopadel/gopadel-prod/profile/14866866-3b53-48a5-898b-b1e39bc29bae.svg',	4,	'Москва',	NULL,	1,	't',	'',	'left',	NULL,	'2025-07-09 18:27:51.316299',	'2025-07-09 18:27:51.317949'),
('8056b6da-4d78-4531-883d-403b33cb7eb7',	201556023,	'nikre4ets',	'',	'',	NULL,	0,	'',	NULL,	1,	'f',	'',	NULL,	NULL,	'2025-07-09 18:27:51.316299',	'2025-07-09 18:27:51.317949'),
('d2680603-113f-4487-9f17-c6efcf311a91',	694450838,	'leksendra',	'Aлександра',	'Соколова ',	'https://storage.yandexcloud.net/gopadel/gopadel-prod/profile/d2680603-113f-4487-9f17-c6efcf311a91.jpg',	1,	NULL,	NULL,	1,	't',	'-',	NULL,	NULL,	'2025-07-09 18:27:51.316299',	'2025-07-09 18:27:51.317949'),
('1d6bb3d4-1500-4b9f-9344-fb5bdc7fb7e1',	516539336,	'sergeydi',	'丂乇尺Ꮆ乇丨',	'ᗪ丨',	'https://storage.yandexcloud.net/gopadel/gopadel-prod/profile/1d6bb3d4-1500-4b9f-9344-fb5bdc7fb7e1.jpg',	4,	NULL,	NULL,	1,	't',	'',	NULL,	NULL,	'2025-07-09 18:27:51.316299',	'2025-07-09 18:27:51.317949'),
('f22f076c-135c-407b-a7d1-3d9f0aefc5fd',	6621741465,	'psNMeZOOjT',	'Alice',	'A',	'https://storage.yandexcloud.net/gopadel/gopadel-prod/profile/f22f076c-135c-407b-a7d1-3d9f0aefc5fd.jpg',	1,	NULL,	NULL,	1,	't',	'copywriter, intern frontend dev',	NULL,	NULL,	'2025-07-09 18:27:51.316299',	'2025-07-09 18:27:51.317949'),
('b8d8c61f-999b-462c-a0d9-7d2837b565e4',	179708903,	'chunghoa',	'Никита',	'Столяров',	'https://storage.yandexcloud.net/gopadel/gopadel-prod/profile/b8d8c61f-999b-462c-a0d9-7d2837b565e4.jpg',	4,	'Москва',	'1988-03-07',	1,	't',	'',	'both',	NULL,	'2025-07-09 18:27:51.316299',	'2025-07-09 18:27:51.317949'),
('dfa0e28a-73ca-4820-8a2b-cf82ba74ac12',	208352446,	'sdrv_m',	'Mary',	'Sidorova',	'https://storage.yandexcloud.net/gopadel/gopadel-prod/profile/dfa0e28a-73ca-4820-8a2b-cf82ba74ac12.jpg',	2,	'Москва',	NULL,	2,	't',	'',	'both',	'https://app.lundapadel.ru/profile/7270?locale=ru',	'2025-07-09 18:27:51.316299',	'2025-07-09 18:27:51.317949'),
('e1ce7266-c8f8-4921-ac8a-7a2b897b7a25',	266576442,	'odulepova',	'Ольга',	'Дулепова-Менейлюк',	'https://storage.yandexcloud.net/gopadel/gopadel-prod/profile/e1ce7266-c8f8-4921-ac8a-7a2b897b7a25.svg',	1,	NULL,	NULL,	3,	't',	'',	NULL,	NULL,	'2025-07-09 18:27:51.316299',	'2025-07-09 18:27:51.317949'),
('273b556a-3d7d-4528-ab78-58a7a5befa2c',	46313680,	'AlexSoFly',	'',	'',	NULL,	0,	'',	NULL,	1,	'f',	'',	NULL,	NULL,	'2025-07-09 18:27:51.316299',	'2025-07-09 18:27:51.317949'),
('84a274f8-982a-4cfc-a4e6-555177d52224',	300102850,	'maslovann',	'',	'',	NULL,	0,	'',	NULL,	1,	'f',	'',	NULL,	NULL,	'2025-07-09 18:27:51.316299',	'2025-07-09 18:27:51.317949'),
('827c033f-f377-4804-a1f1-90b8a35843a0',	1429432858,	'bukovtsovmaks',	'Максим',	'Буковцов',	'https://storage.yandexcloud.net/gopadel/gopadel-prod/profile/827c033f-f377-4804-a1f1-90b8a35843a0.jpg',	1,	NULL,	NULL,	1,	't',	'Я жив покуда я верю в чудо -> https://t.me/history_page_edbuk',	NULL,	NULL,	'2025-07-09 18:27:51.316299',	'2025-07-09 18:27:51.317949'),
('d9280db2-b915-4bb0-8be3-c27bdea00c78',	217486349,	'nizyamov',	'Максим',	'Низямов',	'https://storage.yandexcloud.net/gopadel/gopadel-prod/profile/d9280db2-b915-4bb0-8be3-c27bdea00c78.jpg',	3,	'Москва',	'1994-11-12',	1,	't',	'',	'both',	NULL,	'2025-07-09 18:27:51.316299',	'2025-07-09 18:27:51.317949'),
('603ab7bc-9ad4-4c1b-9081-070d19c37610',	849367993,	'Smolentsev_Alexander',	'Александр',	'Смоленцев',	'https://storage.yandexcloud.net/gopadel/gopadel-prod/profile/603ab7bc-9ad4-4c1b-9081-070d19c37610.jpg',	1,	NULL,	NULL,	1,	't',	'',	NULL,	NULL,	'2025-07-09 18:27:51.316299',	'2025-07-09 18:27:51.317949'),
('fa15299e-4235-4979-846d-3f9c33d97b2c',	657473076,	'LONOgroup',	'',	'',	NULL,	0,	'',	NULL,	1,	'f',	'',	NULL,	NULL,	'2025-07-09 18:27:51.316299',	'2025-07-09 18:27:51.317949'),
('60c834c4-f9f4-49de-98d9-e3af24f17153',	226073190,	'Lina_Vl',	'',	'',	NULL,	0,	'',	NULL,	1,	'f',	'',	NULL,	NULL,	'2025-07-09 18:27:51.316299',	'2025-07-09 18:27:51.317949'),
('0c393d6d-f418-4dcb-9c1e-ffd6edd66193',	262206891,	'dariapgbn',	'Daria',	'Pogrebnaia',	'https://storage.yandexcloud.net/gopadel/gopadel-prod/profile/0c393d6d-f418-4dcb-9c1e-ffd6edd66193.jpg',	1,	NULL,	NULL,	1,	't',	'TG CHANNEL: https://t.me/DLablife',	NULL,	NULL,	'2025-07-09 18:27:51.316299',	'2025-07-09 18:27:51.317949'),
('484da795-4baf-4c84-a030-1c1471c8229f',	66156619,	'DGarusov',	'Дмитрий',	'Гарусов',	'https://storage.yandexcloud.net/gopadel/gopadel-prod/profile/484da795-4baf-4c84-a030-1c1471c8229f.jpg',	4,	NULL,	NULL,	1,	't',	'Лучший продажник Всея Руси. Делаю отделы продаж под ключ на онлайн запусках. 300+🍋 за год. Inst: DGarusov_',	NULL,	NULL,	'2025-07-09 18:27:51.316299',	'2025-07-09 18:27:51.317949'),
('508bb25a-49c4-4d7f-b550-a80e6082f8b0',	315620590,	'valwellwell1',	'Valentin',	'Sharonov',	'https://storage.yandexcloud.net/gopadel/gopadel-prod/profile/508bb25a-49c4-4d7f-b550-a80e6082f8b0.jpg',	4,	NULL,	NULL,	1,	't',	'',	NULL,	NULL,	'2025-07-09 18:27:51.316299',	'2025-07-09 18:27:51.317949'),
('021a1e5f-d33f-45d2-b80f-af361c261ade',	271090461,	NULL,	'',	'',	NULL,	0,	'',	NULL,	1,	'f',	'',	NULL,	NULL,	'2025-07-09 18:27:51.316299',	'2025-07-09 18:27:51.317949'),
('7cf8a3f1-f7fd-4273-9a96-1e0044cae688',	7748198245,	'Anton_bukin',	'',	'',	NULL,	0,	'',	NULL,	1,	'f',	'',	NULL,	NULL,	'2025-07-09 18:27:51.316299',	'2025-07-09 18:27:51.317949'),
('5a6c2355-0535-4ecb-9ac7-7edf712539b6',	6533225999,	NULL,	'Sasha',	'D',	'https://storage.yandexcloud.net/gopadel/gopadel-prod/profile/5a6c2355-0535-4ecb-9ac7-7edf712539b6.svg',	4,	NULL,	NULL,	1,	't',	'',	NULL,	NULL,	'2025-07-09 18:27:51.316299',	'2025-07-09 18:27:51.317949'),
('a078d305-4faf-46b2-b01c-42ea2c95ec6d',	314921729,	'egorkuznetsov17',	'',	'',	NULL,	0,	'',	NULL,	1,	'f',	'',	NULL,	NULL,	'2025-07-09 18:27:51.316299',	'2025-07-09 18:27:51.317949'),
('9420499b-5a82-4471-b256-e3a86a70a1ab',	306727359,	'infinityrevival',	'Alexey',	'Сластухин ',	'https://storage.yandexcloud.net/gopadel/gopadel-prod/profile/9420499b-5a82-4471-b256-e3a86a70a1ab.svg',	2,	NULL,	NULL,	1,	't',	'Играть начал только в этом году
36 лет
Разные спортивные активности до этого помогают разобраться в игре быстрее',	NULL,	NULL,	'2025-07-09 18:27:51.316299',	'2025-07-09 18:27:51.317949'),
('282b8fd6-761b-44c2-9035-88115a0b9732',	881156898,	'dunkaeva',	'Милана',	'дункаева',	'https://storage.yandexcloud.net/gopadel/gopadel-prod/profile/282b8fd6-761b-44c2-9035-88115a0b9732.jpg',	1,	NULL,	NULL,	1,	't',	'виш лист : https://t.me/milankapodarki',	NULL,	NULL,	'2025-07-09 18:27:51.316299',	'2025-07-09 18:27:51.317949'),
('d15d8cde-0066-4c84-960a-5dd98ef7a0f4',	1403499916,	'listormborn',	'Лидия',	'Сотникова',	'https://storage.yandexcloud.net/gopadel/gopadel-prod/profile/d15d8cde-0066-4c84-960a-5dd98ef7a0f4.jpg',	1,	NULL,	NULL,	1,	't',	'',	NULL,	NULL,	'2025-07-09 18:27:51.316299',	'2025-07-09 18:27:51.317949'),
('a0abac09-a37c-4f09-98b8-bcc31c03c357',	544626356,	'LiubovMoroz',	'Любовь',	'Мороз',	'https://storage.yandexcloud.net/gopadel/gopadel-prod/profile/a0abac09-a37c-4f09-98b8-bcc31c03c357.svg',	3,	NULL,	NULL,	1,	't',	'😎',	NULL,	NULL,	'2025-07-09 18:27:51.316299',	'2025-07-09 18:27:51.317949'),
('9204882d-bfde-404f-a720-81f3e4e26ba3',	7139316,	'mahmudov',	'Надыр',	'Махмудов',	'https://storage.yandexcloud.net/gopadel/gopadel-prod/profile/9204882d-bfde-404f-a720-81f3e4e26ba3.jpg',	3,	NULL,	NULL,	1,	't',	'Ничего не умею 
',	NULL,	NULL,	'2025-07-09 18:27:51.316299',	'2025-07-09 18:27:51.317949'),
('94ef89b4-6e8c-4a27-a537-e50ad7488bdf',	174787544,	'MSM013',	'Mikhail',	'Bairon',	'https://storage.yandexcloud.net/gopadel/gopadel-prod/profile/94ef89b4-6e8c-4a27-a537-e50ad7488bdf.svg',	4,	NULL,	NULL,	1,	't',	'',	NULL,	NULL,	'2025-07-09 18:27:51.316299',	'2025-07-09 18:27:51.317949'),
('5970b987-f205-4eb8-a488-f2ed308b2815',	745281970,	'AntonBS30',	'Антон',	'Бовыкин',	'https://storage.yandexcloud.net/gopadel/gopadel-prod/profile/5970b987-f205-4eb8-a488-f2ed308b2815.png',	3,	'Москва',	'1987-06-30',	1,	't',	'',	'both',	NULL,	'2025-07-09 18:27:51.316299',	'2025-07-09 18:27:51.317949'),
('11bb370b-67ec-4872-8ee4-620f67333087',	2025036913,	NULL,	'Армен',	'Мкртчян ',	'https://storage.yandexcloud.net/gopadel/gopadel-prod/profile/11bb370b-67ec-4872-8ee4-620f67333087.jpg',	4,	'Москва',	'1991-08-27',	1,	't',	'',	'right',	NULL,	'2025-07-09 18:27:51.316299',	'2025-07-09 18:27:51.317949'),
('733c3241-f9b7-47ff-b1fd-e34729d9a8d3',	531377787,	'padel_girl',	'',	'',	NULL,	0,	'',	NULL,	1,	'f',	'',	NULL,	NULL,	'2025-07-09 18:27:51.316299',	'2025-07-09 18:27:51.317949'),
('07868fcd-f80f-4252-a2b6-1a03370a6a05',	165365050,	'makar_p',	'',	'',	NULL,	0,	'',	NULL,	1,	'f',	'',	NULL,	NULL,	'2025-07-09 18:27:51.316299',	'2025-07-09 18:27:51.317949'),
('ccac0b51-fc2d-431d-af05-59805d2274f2',	131613852,	'PavelSavelyev',	'Pavel',	'Savelyev',	'https://storage.yandexcloud.net/gopadel/gopadel-prod/profile/ccac0b51-fc2d-431d-af05-59805d2274f2.jpg',	4,	'Москва',	NULL,	3,	't',	'https://facebook.com/PavelSavelyev',	'left',	'https://app.lundapadel.ru/profile/1796?locale=ru',	'2025-07-09 18:27:51.316299',	'2025-07-09 18:27:51.317949'),
('11d11520-04ad-496a-814f-59429d7b6ccd',	978492633,	'avbelozerova',	'Anya',	'Belozerova',	'https://storage.yandexcloud.net/gopadel/gopadel-prod/profile/11d11520-04ad-496a-814f-59429d7b6ccd.jpg',	1,	'Москва',	NULL,	3,	't',	'Отвечаю за протокол в Музее «АТОМ»',	NULL,	NULL,	'2025-07-09 18:27:51.316299',	'2025-07-09 18:27:51.317949'),
('e02fc14e-a4c8-4a8c-9967-219da7828f8f',	917621168,	'Oleg_Nike',	'Oleg',	'Nike',	'https://storage.yandexcloud.net/gopadel/gopadel-prod/profile/e02fc14e-a4c8-4a8c-9967-219da7828f8f.svg',	1,	NULL,	NULL,	1,	't',	'',	NULL,	NULL,	'2025-07-09 18:27:51.316299',	'2025-07-09 18:27:51.317949'),
('d89f0e5a-4e7d-4ce4-abe6-ecd138e8721e',	770930688,	'bulatov23',	'Даниял',	'Булатов',	'https://storage.yandexcloud.net/gopadel/gopadel-prod/profile/d89f0e5a-4e7d-4ce4-abe6-ecd138e8721e.svg',	3,	NULL,	NULL,	1,	't',	'',	NULL,	NULL,	'2025-07-09 18:27:51.316299',	'2025-07-09 18:27:51.317949'),
('c7940d85-589a-414d-b686-5bed11be0398',	6465836174,	'marport96',	'Марина',	'Цигаль',	'https://storage.yandexcloud.net/gopadel/gopadel-prod/profile/c7940d85-589a-414d-b686-5bed11be0398.svg',	3,	'Москва',	NULL,	1,	't',	'',	'both',	NULL,	'2025-07-09 18:27:51.316299',	'2025-07-09 18:27:51.317949'),
('323f0557-074e-4c67-bcd9-4e3d19216956',	151857270,	'Denis_Goldberg',	'',	'',	NULL,	0,	'',	NULL,	1,	'f',	'',	NULL,	NULL,	'2025-07-09 18:27:51.316299',	'2025-07-09 18:27:51.317949'),
('154bdc4a-8861-4100-8ac1-7ef3d3b8ae90',	78634733,	'Anzhelika2121',	'Анжелика',	'Рогачева ',	'https://storage.yandexcloud.net/gopadel/gopadel-prod/profile/154bdc4a-8861-4100-8ac1-7ef3d3b8ae90.svg',	1,	'Москва',	NULL,	1,	't',	'',	'both',	NULL,	'2025-07-09 18:27:51.316299',	'2025-07-09 18:27:51.317949'),
('d889c871-ba77-4944-968e-0d3a6c2e1afe',	1071105689,	'dmitgolyshev',	'𝔻𝕞𝕚𝕥𝕣𝕪',	'𝔾𝕠𝕝𝕪𝕤𝕙𝕖𝕧',	'https://storage.yandexcloud.net/gopadel/gopadel-prod/profile/d889c871-ba77-4944-968e-0d3a6c2e1afe.jpg',	3,	NULL,	NULL,	3,	't',	'',	NULL,	NULL,	'2025-07-09 18:27:51.316299',	'2025-07-09 18:27:51.317949'),
('0a82592d-051a-4016-9e1b-658433adeb5e',	1950606651,	'private_vg',	'Валерий ',	'Горшков',	'https://storage.yandexcloud.net/gopadel/gopadel-prod/profile/0a82592d-051a-4016-9e1b-658433adeb5e.svg',	1,	'Москва',	NULL,	1,	't',	'',	'both',	NULL,	'2025-07-09 18:27:51.316299',	'2025-07-09 18:27:51.317949'),
('900e108c-28bf-4238-ad6c-34852ed1ebbb',	85462953,	'maxipav',	'Максим',	'Павлычев',	'https://storage.yandexcloud.net/gopadel/gopadel-prod/profile/900e108c-28bf-4238-ad6c-34852ed1ebbb.svg',	3,	'Москва',	'1978-05-17',	1,	't',	'',	'both',	NULL,	'2025-07-09 18:27:51.316299',	'2025-07-09 18:27:51.317949'),
('7b470427-645a-4f49-8192-4266bf767ede',	50170975,	'znake',	'',	'',	NULL,	0,	'',	NULL,	1,	'f',	'',	NULL,	NULL,	'2025-07-09 18:27:51.316299',	'2025-07-09 18:27:51.317949'),
('79325f27-ecb9-472b-a196-ce98d2a49eec',	201656386,	'romanyellow',	'Roman',	'Atroshchenko',	'https://storage.yandexcloud.net/gopadel/gopadel-prod/profile/79325f27-ecb9-472b-a196-ce98d2a49eec.jpg',	3,	'Москва',	NULL,	1,	't',	'',	'right',	NULL,	'2025-07-09 18:27:51.316299',	'2025-07-09 18:27:51.317949'),
('93a08e7f-af20-4558-916b-3259c23e2075',	289854622,	'avergas',	'Anton',	'Vergas',	'https://storage.yandexcloud.net/gopadel/gopadel-prod/profile/93a08e7f-af20-4558-916b-3259c23e2075.jpg',	4,	NULL,	NULL,	3,	't',	'',	NULL,	NULL,	'2025-07-09 18:27:51.316299',	'2025-07-09 18:27:51.317949'),
('42b93ec5-5fc4-46fb-a868-bafa4fc16155',	257778254,	'Mike_Poldy',	'',	'',	NULL,	0,	'',	NULL,	1,	'f',	'',	NULL,	NULL,	'2025-07-09 18:27:51.316299',	'2025-07-09 18:27:51.317949'),
('3e3d5029-01f1-44ce-b8f4-cb90a9c2ddab',	323501263,	'zaleshin',	'Evgeny',	'Zaleshin',	'https://storage.yandexcloud.net/gopadel/gopadel-prod/profile/3e3d5029-01f1-44ce-b8f4-cb90a9c2ddab.svg',	3,	NULL,	NULL,	1,	't',	'',	NULL,	NULL,	'2025-07-09 18:27:51.316299',	'2025-07-09 18:27:51.317949'),
('547af303-8498-4bf4-b287-1efc51e2787c',	6417210879,	NULL,	'',	'',	NULL,	0,	'',	NULL,	1,	'f',	'',	NULL,	NULL,	'2025-07-09 18:27:51.316299',	'2025-07-09 18:27:51.317949'),
('97f62383-c042-408e-af5d-6ad1ce473a31',	792791785,	'Alena_igntv',	'Alena',	'Ignatova',	'https://storage.yandexcloud.net/gopadel/gopadel-prod/profile/97f62383-c042-408e-af5d-6ad1ce473a31.svg',	3,	NULL,	NULL,	1,	't',	'',	NULL,	NULL,	'2025-07-09 18:27:51.316299',	'2025-07-09 18:27:51.317949'),
('906f9c11-f7ff-4d30-a5ce-8183cc19de14',	439554300,	'Kosachev_Artem',	'Artem',	'Kosachev',	'https://storage.yandexcloud.net/gopadel/gopadel-prod/profile/906f9c11-f7ff-4d30-a5ce-8183cc19de14.jpg',	2,	'Москва',	'1990-07-06',	1,	't',	'',	'both',	NULL,	'2025-07-09 18:27:51.316299',	'2025-07-09 18:27:51.317949'),
('f4af5eed-ce5b-42fa-8e58-66f58ddac4ca',	303830114,	NULL,	'Ivan',	'K',	'https://storage.yandexcloud.net/gopadel/gopadel-prod/profile/f4af5eed-ce5b-42fa-8e58-66f58ddac4ca.svg',	4,	NULL,	NULL,	3,	't',	'',	NULL,	NULL,	'2025-07-09 18:27:51.316299',	'2025-07-09 18:27:51.317949'),
('a0aac853-7549-4d9c-9b1d-3593722e76c0',	582339967,	'soniayarochkina',	'Sofia',	'Yarochkina',	'https://storage.yandexcloud.net/gopadel/gopadel-prod/profile/a0aac853-7549-4d9c-9b1d-3593722e76c0.jpg',	3,	NULL,	NULL,	1,	't',	'',	NULL,	NULL,	'2025-07-09 18:27:51.316299',	'2025-07-09 18:27:51.317949');

-- 2025-07-22 01:40:30.015758+00